model,tasks_with_score,wins,avg_percentile,failure_count
STELLA,18,13,95.03944444444444,94
GPT4o,10,3,63.035000000000004,61
Biomni,18,0,54.047222222222224,5
ClaudeOpus,13,2,53.315384615384616,34
Gemini,7,0,43.72428571428571,68
DeepSeek,13,0,42.63846153846154,42
Grok,15,0,39.42133333333333,42
o3,13,0,28.91076923076923,53
GPT5,12,0,28.719166666666666,35
ClaudeSonnet4,6,0,11.805,42
